predicted_complex_id,size_pred,predicted_complex,exact_size_match,match_count,jaccard_similarity,breaking_value,complex_size,fully_recovered
CPX_394,3,P38745 P09620 P32906,false,0,0.0,0.3507635295391083,3,false
CPX_561,4,P38745 P23642 P09620 P32906,false,1,0.2,0.3507635295391083,4,false
CPX_299,2,P53903 P52911,false,0,0.0,0.3513911962509155,2,false
CPX_475,2,P27614 P47035,false,1,0.25,0.3514729738235473,2,false
CPX_397,3,P0CX55 P0CX33 P0CX44,false,2,0.03571428571428571,0.351703941822052,3,false
CPX_246,2,P37012 Q12511,false,0,0.0,0.3517884016036987,2,false
CPX_715,7,P53336 P32495 Q12153 P53919 Q6Q547 P33322 Q04867,false,3,0.375,0.3521628379821777,7,false
CPX_226,2,P53289 P38796,false,0,0.0,0.3523120880126953,2,false
CPX_201,2,P00924 P40037,false,0,0.0,0.3525972366333008,2,false
CPX_467,2,P29295 P36168,false,1,0.2,0.3528754711151123,2,false
CPX_521,3,Q12059 Q99344 P52491,false,2,0.6666666666666666,0.353143572807312,3,false
CPX_574,4,P40438 P38987 P38149 P53871,false,2,0.5,0.3531918823719024,4,false
CPX_718,8,P36164 P53303 P40093 P53962 P02994 P38912 Q07923 P39101,false,1,0.1,0.353676438331604,8,false
CPX_481,2,P25615 P53879,false,0,0.0,0.3536778390407562,2,false
CPX_383,3,P53303 P17649 P38830,false,0,0.0,0.3543604612350464,3,false
CPX_238,2,P40151 P38628,false,0,0.0,0.3546867370605469,2,false
CPX_282,2,P39960 Q06407,false,0,0.0,0.3548537492752075,2,false
CPX_601,2,Q07653 P19657,false,0,0.0,0.3548609316349029,2,false
CPX_433,3,P36009 P53874 P53317,false,0,0.0,0.3551808595657348,3,false
CPX_673,7,P39704 P07213 Q12403 P32803 P54837 P38819 Q05359,false,4,0.5714285714285714,0.3555660545825958,7,false
CPX_612,5,P53933 P12688 P40494 P15891 P50942,false,0,0.0,0.3557019233703613,5,false
CPX_262,2,Q07451 P35723,false,0,0.0,0.3557302951812744,2,false
CPX_364,3,P13434 P05374 Q04697,false,1,0.16666666666666666,0.3559378087520599,3,false
CPX_362,3,P03965 P07258 P07244,false,2,0.6666666666666666,0.3559513688087463,3,false
CPX_625,5,P0CX36 Q12690 P0CX31 P0CX54 P38754,false,3,0.038461538461538464,0.3562780618667602,5,false
CPX_605,2,P35845 P21957,false,0,0.0,0.3564848601818084,2,false
CPX_272,2,P41544 P53860,false,1,0.5,0.3566748201847076,2,false
CPX_463,2,P32454 Q07738,false,0,0.0,0.3566992878913879,2,false
CPX_639,6,P38708 P38219 P53860 P04801 Q08421 P43535,false,1,0.16666666666666666,0.356720507144928,6,false
CPX_445,3,Q06137 P33894 P32604,false,0,0.0,0.3568570613861084,3,false
CPX_441,3,P39517 P49960 P34230,false,1,0.25,0.3571657538414001,3,false
CPX_454,3,P36094 P32336 P53865,false,2,0.6666666666666666,0.3573594093322754,3,false
CPX_490,3,Q12242 Q01476 P43582,false,0,0.0,0.3576107621192932,3,false
CPX_648,5,P53632 Q12476 Q00416 P40507 Q03497,false,2,0.2857142857142857,0.3579532206058502,5,false
CPX_204,2,P80210 P02992,false,0,0.0,0.3579741716384887,2,false
CPX_346,2,P32634 P40061,false,1,0.14285714285714285,0.3583895266056061,2,false
CPX_651,6,P32263 P10591 P33416 P38972 P02992 P54858,false,1,0.1111111111111111,0.3585060238838196,6,false
CPX_701,8,P39923 P53011 P47170 Q08281 P38164 P38713 P38742 Q03897,true,7,0.7777777777777778,0.3586597740650177,8,false
CPX_482,2,P42937 P25616,false,0,0.0,0.3589135408401489,2,false
CPX_534,3,Q12490 P47100 Q12273,false,0,0.0,0.3593156337738037,3,false
CPX_752,2,P13099 P35187,false,2,0.6666666666666666,0.3596576750278473,2,false
CPX_401,3,P11792 P07264 P11484,false,0,0.0,0.3598683178424835,3,false
CPX_749,2,P11792 P11484,false,0,0.0,0.3598683178424835,2,false
CPX_620,5,P46784 P46683 P05750 P0CX37 P14127,false,4,0.07142857142857142,0.3605332374572754,5,false
CPX_228,2,P38809 P50089,false,0,0.0,0.3617667555809021,2,false
CPX_750,2,P53958 P11746,true,1,0.3333333333333333,0.3618680238723755,2,false
CPX_303,2,P53846 P47118,false,0,0.0,0.3618680238723755,2,false
CPX_268,2,P48606 P42947,false,0,0.0,0.3618680238723755,2,false
CPX_647,5,P53173 P53337 P43555 P39931 Q12396,false,0,0.0,0.3619324564933777,5,false
CPX_431,3,P35727 P53158 Q06333,false,3,0.5,0.3630340695381164,3,false
CPX_516,3,Q03362 Q12471 Q06833,false,0,0.0,0.3631879091262817,3,false
CPX_177,22,P32623 P32568 P46992 Q04182 P33302 P32791 Q03516 P49573 Q06689 Q12117 P32466 P53903 P52911 P22146 P05030 P38250 D6VTK4 P38264 P38248 P39926 Q08299 P53049,false,1,0.041666666666666664,0.3632894456386566,22,false
CPX_424,3,P54115 P17709 P53066,false,0,0.0,0.36329716444015503,3,false
CPX_638,6,P04147 Q03735 P50109 P32588 P39936 P39935,false,1,0.125,0.3636046648025512,6,false
CPX_658,5,P27476 Q06685 P28263 P38836 P53210,false,0,0.0,0.3642055988311767,5,false
CPX_406,3,P27476 P53210 P38836,false,0,0.0,0.3642055988311767,3,false
CPX_366,3,P06104 P10862 Q03162,false,2,0.6666666666666666,0.3642346560955047,3,false
CPX_426,3,P29703 P22007 P18898,false,2,0.6666666666666666,0.3644488155841827,3,false
CPX_258,2,Q06815 P34237,false,0,0.0,0.3647931218147278,2,false
CPX_448,3,P34167 P32793 P43603,false,0,0.0,0.3648427128791809,3,false
CPX_341,2,P32861 P39985,false,0,0.0,0.3652306199073791,2,false
CPX_195,2,Q08215 P07276,false,1,0.25,0.3661332130432129,2,false
CPX_263,2,P40355 P36004,false,0,0.0,0.3661332130432129,2,false
CPX_473,2,P26448 P48526,true,1,0.3333333333333333,0.3661332130432129,2,false
CPX_247,2,P37297 Q12451,false,0,0.0,0.3667930662631988,2,false
CPX_739,9,P40159 P53252 Q03407 P34250 Q05050 P35719 P53278 Q12230 Q04279,false,0,0.0,0.3678093552589416,9,false
CPX_504,3,P38330 P38041 P50089,false,0,0.0,0.3678501844406128,3,false
CPX_659,5,P38144 P32333 Q04213 Q12072 P43596,false,3,0.6,0.3679301142692566,5,false
CPX_215,2,P46949 P39538,false,0,0.0,0.3683141469955444,2,false
CPX_753,2,P13298 P30402,false,0,0.0,0.3684477806091308,2,false
CPX_349,2,P32793 P43603,false,0,0.0,0.3686710894107818,2,false
CPX_257,2,P36158 Q04383,false,0,0.0,0.3693943917751312,2,false
CPX_211,2,P00724 P38804,false,0,0.0,0.3694187998771667,2,false
CPX_240,2,Q06179 P38177,false,0,0.0,0.3695679903030395,2,false
CPX_747,2,Q08902 P15873,false,1,0.5,0.3700132668018341,2,false
CPX_461,2,P47008 P32432,false,0,0.0,0.3701349198818207,2,false
CPX_706,9,P0CX50 P04449 P0C2H9 Q12690 P38833 P0CX52 P02406 P05318 P51401,false,7,0.08974358974358974,0.37079733610153204,9,false
CPX_386,3,P10507 P11914 P32469,false,2,0.6666666666666666,0.3713515698909759,3,false
CPX_768,2,P0CX50 Q12690,false,2,0.02631578947368421,0.37177920341491705,2,false
CPX_324,2,Q04659 P53840,true,2,1.0,0.3719471991062164,2,true
CPX_196,2,P38068 P04840,false,1,0.5,0.3729573488235473,2,false
CPX_437,3,P36113 Q07843 P38748,false,0,0.0,0.3732404708862304,3,false
CPX_712,8,Q08229 P25389 P53939 Q12263 P25293 P38615 P54857 P53210,true,2,0.14285714285714285,0.3735703825950622,8,false
CPX_713,8,P53173 P32380 P53337 Q06708 P43555 P25340 P39931 Q12396,false,1,0.09090909090909091,0.3745226263999939,8,false
CPX_488,3,Q06489 P40893 Q05515,false,0,0.0,0.3749979734420776,3,false
CPX_498,3,Q03148 P38765 P43545,false,1,0.25,0.3752017021179199,3,false
CPX_532,3,Q05580 Q03690 P47009,false,0,0.0,0.3757590055465698,3,false
CPX_231,2,P53171 P38229,false,0,0.0,0.3757590055465698,2,false
CPX_610,2,P32263 P18759,false,0,0.0,0.3757789134979248,2,false
CPX_384,3,P54115 P17709 P32861,false,0,0.0,0.3757916390895843,3,false
CPX_210,2,P00431 P33327,false,0,0.0,0.3768802583217621,2,false
CPX_220,2,P38852 P53207,false,1,0.06666666666666667,0.3769858777523041,2,false
CPX_700,8,P32461 P48362 P38986 P38332 P32324 Q3E840 P40487 P35184,false,2,0.25,0.3769986927509308,8,false
CPX_550,4,P38754 P0CX36 P0CX31 P0CX54,false,2,0.03508771929824561,0.3770933151245117,4,false
CPX_388,3,P38837 P12684 P12683,false,0,0.0,0.3773486912250519,3,false
CPX_392,3,P08524 P50079 P41338,false,0,0.0,0.3774405717849731,3,false
CPX_365,3,P05453 Q06708 P12385,false,2,0.6666666666666666,0.3777410387992859,3,false
CPX_778,76,P02400 Q12000 P53551 P49167 O14455 Q05854 P04650 P05740 P53145 P56628 P05744 P46990 P14126 P04456 P24783 P32787 P14120 P51401 P53221 Q03973 P50095 P36105 Q12159 P10622 P53863 P41805 Q12114 P38344 P53235 P05738 P40525 P09440 P0CX23 P14127 P04449 P38061 P39730 P47019 P49626 Q02753 Q03862 Q12532 P49166 P38833 P87262 P05749 P0CX52 P13711 P05748 P38861 Q02326 P0C2H8 P26785 P37292 Q08687 P38086 P05737 P05318 P10664 P05743 P26321 Q12690 P05739 P24000 Q07844 Q02486 P26784 P39729 P05319 P12383 Q06706 P29453 P40212 P02406 P05317 P17076,true,44,0.4074074074074074,0.3777587115764618,76,false
CPX_653,5,P50278 P40150 P38009 P37262 P54113,false,0,0.0,0.3779596090316772,5,false
CPX_452,3,Q06178 P31373 P53204,false,0,0.0,0.3781659603118896,3,false
CPX_399,3,P24276 P07260 P12962,true,1,0.2,0.3783753514289856,3,false
CPX_360,3,P07244 P10869 Q12449,false,0,0.0,0.3784216046333313,3,false
CPX_460,2,P39014 P32389,false,1,0.25,0.3785120248794555,2,false
CPX_557,4,Q12469 P08018 Q12163 P35182,false,0,0.0,0.3785679340362549,4,false
CPX_505,3,P38075 Q05016 P43567,false,0,0.0,0.3787356317043304,3,false
CPX_549,4,Q06543 P25491 P12688 P09734,false,1,0.2,0.3793943524360657,4,false
CPX_487,3,P53894 P43563 P40468,false,2,0.6666666666666666,0.3807527422904968,3,false
CPX_575,4,Q06440 P53250 P32599 P29952,false,0,0.0,0.3810657560825348,4,false
CPX_271,2,P50079 P41338,false,0,0.0,0.3816145658493042,2,false
CPX_690,6,P31688 P38426 P38427 Q00764 Q06686 P32288,false,3,0.5,0.3820682764053345,6,false
CPX_347,2,P32660 Q12675,true,1,0.3333333333333333,0.3825433254241943,2,false
CPX_723,12,Q03361 P34758 Q12276 P36047 P41818 Q03898 P33329 P32598 P43638 Q03016 P43587 P27637,false,3,0.25,0.3827424347400665,12,false
CPX_311,2,P46674 Q08231,true,2,1.0,0.3830623030662536,2,true
CPX_464,2,P38342 P32459,false,0,0.0,0.38377922773361206,2,false
CPX_526,3,Q03525 P53326 P53335,false,0,0.0,0.3840078711509704,3,false
CPX_506,3,P48361 P38080 P53739,false,0,0.0,0.3842167556285858,3,false
CPX_250,2,P38088 P40825,false,0,0.0,0.3846428394317627,2,false
CPX_666,7,P53685 P53096 P38262 P14832 P40480 P36124 P25357,true,7,1.0,0.3847724199295044,7,true
CPX_393,3,Q04437 P38809 P09232,false,1,0.25,0.3849132359027862,3,false
CPX_538,4,P38768 P21182 P25638 Q12464,true,3,0.6,0.3851661682128906,4,false
CPX_578,4,P32505 Q99383 P32340 P38217,false,1,0.125,0.385571539402008,4,false
CPX_370,3,P00899 P36007 P00937,false,2,0.6666666666666666,0.3859557509422302,3,false
CPX_554,4,Q02890 P14736 P54860 P32628,false,2,0.5,0.3864045441150665,4,false
CPX_492,3,P38928 Q06810 Q12530,false,1,0.25,0.3864074349403381,3,false
CPX_665,7,P14284 P32458 P47136 Q07657 P32468 P25342 P32457,false,5,0.7142857142857143,0.3868217468261719,7,false
CPX_581,4,P25297 P39004 P42838 P39003,false,1,0.2,0.3885625004768371,4,false
CPX_507,3,Q06551 P38297 P41912,false,2,0.6666666666666666,0.3887850046157837,3,false
CPX_351,2,P32580 P34246,true,1,0.3333333333333333,0.3887850046157837,2,false
CPX_320,2,Q02888 Q06510,true,1,0.3333333333333333,0.3887850046157837,2,false
CPX_409,3,P38772 P28319 P42844,false,0,0.0,0.3887850046157837,3,false
CPX_270,2,P53835 P43554,false,1,0.07692307692307693,0.3887850046157837,2,false
CPX_435,3,P36106 P38849 Q05670,false,0,0.0,0.3887850046157837,3,false
CPX_491,3,P40358 Q06247 P38909,false,0,0.0,0.3887850046157837,3,false
CPX_762,2,Q03941 P08468,false,1,0.2,0.3887850046157837,2,false
CPX_429,3,P29029 P47069 P21595,false,0,0.0,0.3887850046157837,3,false
CPX_522,3,P53037 Q3E828 P53844,false,2,0.6666666666666666,0.3887850046157837,3,false
CPX_253,2,P40358 P36101,false,0,0.0,0.3887850046157837,2,false
CPX_503,3,P36119 P53137 Q03796,true,2,0.5,0.3887850046157837,3,false
CPX_568,4,P87284 Q12465 P39928 Q99380,false,1,0.09090909090909091,0.3887850046157837,4,false
CPX_222,2,Q06247 P38909,false,0,0.0,0.3887850046157837,2,false
CPX_290,2,P53093 P53108,false,0,0.0,0.3887850046157837,2,false
CPX_529,3,Q12192 P46676 P53685,true,3,1.0,0.3891964554786682,3,true
CPX_675,7,P12945 Q12213 P0CX35 P0CX40 Q08689 P07347 P0CX39,false,3,0.42857142857142855,0.389198362827301,7,false
CPX_695,9,P26754 Q04377 P22336 P06778 P40063 P40562 P38111 P26755 P38859,false,3,0.3333333333333333,0.3895084857940674,9,false
CPX_188,14,P40150 P10592 Q06146 P00815 P10591 P38260 P35197 Q12329 P32589 P07264 P32590 P22202 P25294 P11484,false,2,0.10526315789473684,0.3895528316497803,14,false
CPX_727,11,P10592 P00815 P10591 P38260 P35197 Q12329 P32589 P32590 P22202 P25294 P32288,false,2,0.125,0.3895528316497803,11,false
CPX_371,3,P40050 P15424 P03874,false,0,0.0,0.3899818360805511,3,false
CPX_436,3,P36107 Q06346 P47143,false,2,0.6666666666666666,0.3900579810142517,3,false
CPX_577,4,P36094 P32336 P53865 P32380,false,2,0.5,0.3922441899776459,4,false
CPX_183,16,P47124 P32629 P46985 P32368 P38130 P38631 P27810 P39107 P13586 Q03640 P36126 P40989 P50108 Q12466 P38626 P21147,false,5,0.3125,0.3926571607589721,16,false
CPX_544,4,P53319 P38720 P16120 P35127,false,0,0.0,0.3933134973049164,4,false
CPX_442,3,P53319 P38720 P35127,false,0,0.0,0.3933134973049164,3,false
CPX_558,4,P43616 P08417 P39522 P36013,false,0,0.0,0.3935773372650146,4,false
CPX_622,5,P08417 P43616 P52910 P39522 P36013,false,1,0.09090909090909091,0.3935773372650146,5,false
CPX_669,7,P33333 P23642 P47124 P32368 P38130 P39107 P32386,false,2,0.2857142857142857,0.3939610123634338,7,false
CPX_466,2,P28795 Q07418,false,0,0.0,0.3942360877990722,2,false
CPX_772,40,P00925 P38720 P00445 P00560 P34760 P22217 P09436 Q08245 P00330 P00950 P04806 P35184 P07283 P00358 P14832 P07149 P25087 P06168 P00924 P00549 P23542 P19097 P14540 Q03048 P00942 P23254 P00331 P10081 P00359 P0CS90 P41277 P32471 P04807 P06169 P32324 P12709 P16550 P00360 P00927 P22803,false,2,0.05,0.3946135342121124,40,false
CPX_181,15,P39969 P48361 P31374 Q12494 P32356 Q03088 Q07533 P40317 P53739 P29311 P34730 P40956 P38080 Q12044 P39104,false,1,0.05555555555555555,0.3949732780456543,15,false
CPX_416,3,Q08229 P25389 P53939,false,0,0.0,0.3953038454055786,3,false
CPX_536,4,P40581 P20081 P53971 P40449,false,0,0.0,0.3956390023231506,4,false
CPX_312,2,Q04119 Q06070,false,0,0.0,0.3964190781116485,2,false
CPX_770,39,P36051 P46971 Q07451 P04840 P33754 P40015 P33767 P21825 P38353 P40319 P53868 P38286 P46964 P38626 Q04969 P14906 P33333 Q12746 P32621 P25618 P48439 P53903 P21147 P36081 Q03723 P39007 Q04697 P46956 P38264 P47154 P31382 P43636 P25340 P05374 P41543 P39742 P39986 P33775 Q02795,false,6,0.14634146341463414,0.3965850472450256,39,false
CPX_207,2,P40457 P04801,false,1,0.02857142857142857,0.3968606889247894,2,false
CPX_509,4,P09733 P09734 P00931 P38314,false,1,0.2,0.3973469138145447,4,false
CPX_704,9,P32582 P54115 P00927 P09733 P30822 P14742 P41940 P46367 P02557,false,2,0.2222222222222222,0.3973754942417145,9,false
CPX_729,11,P40046 Q02725 P38966 P47075 P32563 P11491 P32366 P27514 P39968 P43585 Q12255,false,3,0.2727272727272727,0.39747262001037603,11,false
CPX_457,2,P38818 P31116,false,0,0.0,0.3976792693138122,2,false
CPX_672,7,P31539 P08566 P32324 P16550 P22217 P00927 Q08245,false,1,0.125,0.39786934852600103,7,false
CPX_434,3,P46982 P36066 P40557,false,0,0.0,0.39802193641662603,3,false
CPX_235,2,P48524 P38339,true,1,0.3333333333333333,0.39844757318496704,2,false
CPX_356,3,P06704 P15731 P33202,false,1,0.14285714285714285,0.3995985984802246,3,false
CPX_600,2,Q99190 P19358,false,1,0.125,0.4001581072807312,2,false
CPX_486,3,P40106 Q12009 Q03774,false,2,0.6666666666666666,0.4002132415771484,3,false
CPX_229,2,P40495 P38817,false,0,0.0,0.4007627964019775,2,false
CPX_674,7,P07342 P28834 P40495 P28241 P28274 P38817 P25605,false,2,0.2857142857142857,0.4007627964019775,7,false
CPX_642,6,P07342 P28834 P40495 P28241 P38817 P25605,false,2,0.3333333333333333,0.4007627964019775,6,false
CPX_190,14,P38682 P43621 P40509 P32074 P32829 P38138 P39727 Q04651 P53622 P36148 P53600 P41810 P41811 P40471,false,7,0.5,0.4009795188903808,14,false
CPX_391,3,P25454 P38920 P14242,false,2,0.6666666666666666,0.4014576077461242,3,false
CPX_598,2,P23291 P23292,false,0,0.0,0.4016280174255371,2,false
CPX_223,2,P38994 Q03759,false,0,0.0,0.402658462524414,2,false
CPX_626,4,Q04119 P53866 P53131 P53335,false,1,0.16666666666666666,0.4029300510883331,4,false
CPX_202,2,P36013 P00927,false,0,0.0,0.4067172408103943,2,false
CPX_501,3,P53152 P52490 P38840,false,2,0.6666666666666666,0.4068360924720764,3,false
CPX_357,3,Q02516 P06774 P13434,false,3,0.75,0.4076554179191589,3,false
CPX_381,3,Q99260 P16664 P40395,false,2,0.6666666666666666,0.4081949591636657,3,false
CPX_613,5,P16120 P23542 P38891 P13663 P47143,false,0,0.0,0.4082990884780884,5,false
CPX_703,9,O14467 P40160 P39939 P0CX48 P39938 Q07381 O13516 P53251 P34078,false,1,0.07692307692307693,0.4083260297775268,9,false
CPX_251,2,P38972 P38115,false,0,0.0,0.4092021584510803,2,false
CPX_555,4,P53081 P16861 P07264 P16862,false,2,0.5,0.4097442030906677,4,false
CPX_493,3,Q00381 Q99186 P38971,false,2,0.4,0.4097567200660705,3,false
CPX_497,3,P53209 Q12100 P38758,false,0,0.0,0.4101819992065429,3,false
CPX_389,3,P32333 P13393 P21576,false,2,0.6666666666666666,0.4104069769382477,3,false
CPX_327,2,Q08949 Q02574,false,2,0.6666666666666666,0.4114525318145752,2,false
CPX_449,3,P32807 Q08949 Q02574,true,2,0.5,0.4114525318145752,3,false
CPX_425,3,P32332 P40215 P18239,false,0,0.0,0.4125212430953979,3,false
CPX_414,3,P53281 Q06449 P25367,false,0,0.0,0.4128332436084747,3,false
CPX_602,2,P20133 Q00618,false,2,0.6666666666666666,0.41286247968673706,2,false
CPX_307,2,Q99287 P48353,false,0,0.0,0.4129851460456848,2,false
CPX_728,11,P32939 P07560 P36017 P38555 P01123 P39958 P51996 P32601 P36018 P32864 P38146,false,1,0.07692307692307693,0.4130673408508301,11,false
CPX_374,2,Q07376 Q12507,false,0,0.0,0.4134577512741089,2,false
CPX_754,2,Q03178 P14066,false,0,0.0,0.4134577512741089,2,false
CPX_646,5,P53337 P40015 P43555 P39931 Q12396,false,0,0.0,0.4138782322406769,5,false
CPX_511,4,P50095 P50094 P38697 P04147,false,0,0.0,0.4138999581336975,4,false
CPX_769,37,Q03246 P53305 P10662 P02381 P53732 Q01163 P53937 O75012 Q03430 P40033 P12686 P53292 P32902 P17558 P47141 P38120 P38175 P42847 P40496 Q03976 Q03799 P53733 Q02950 Q08622 P10663 P33759 P36056 P21771 P47015 P27929 P38783 P28817 Q02608 Q03201 P47150 P48237 P28778,false,33,0.868421052631579,0.4145288467407226,37,false
CPX_446,3,P32621 P40986 P40557,false,0,0.0,0.41505074501037603,3,false
CPX_680,6,P42938 P34221 P39966 P38089 Q03785 Q12447,false,0,0.0,0.4153506457805633,6,false
CPX_537,4,P20449 Q05506 Q00955 P20606,false,1,0.125,0.4156712591648102,4,false
CPX_684,6,Q06108 P13574 Q03780 Q03373 P18412 Q03063,false,3,0.5,0.4159772396087646,6,false
CPX_387,3,P38199 Q07878 P10659,false,1,0.1111111111111111,0.4160743951797485,3,false
CPX_479,2,P40555 P25576,false,0,0.0,0.4160816371440887,2,false
CPX_191,2,P28272 P07245,false,0,0.0,0.416319191455841,2,false
CPX_470,2,P30624 Q04013,false,0,0.0,0.4166507124900818,2,false
CPX_616,5,P30624 P40364 Q04013 P49334 P23644,true,2,0.25,0.4166507124900818,5,false
CPX_363,3,P04911 P25623 P34216,false,1,0.3333333333333333,0.4174950122833252,3,false
CPX_447,3,P32642 Q03835 P53082,false,2,0.6666666666666666,0.418033093214035,3,false
CPX_644,6,P35192 P36169 P36016 Q12296 P32843 P13134,false,0,0.0,0.4182599782943725,6,false
CPX_259,2,P34252 P38888,true,1,0.3333333333333333,0.4186311066150665,2,false
CPX_688,6,Q04511 P24814 P52286 Q12018 P39014 Q08273,false,4,0.5714285714285714,0.4186363220214844,6,false
CPX_730,11,Q04511 Q08226 P24814 P52286 P14682 Q12018 P39014 P47050 Q06211 Q08273 Q06479,false,5,0.45454545454545453,0.4186363220214844,11,false
CPX_408,3,Q06685 P40492 P28263,false,1,0.1111111111111111,0.4186546802520752,3,false
CPX_579,4,P32461 Q3E840 P40487 P38814,false,2,0.5,0.4187975525856018,4,false
CPX_172,28,P00925 P00445 P00560 P34760 P09436 P00330 P00950 P04806 P07283 P00358 P14832 P00549 P00924 Q03048 P14540 P00942 P23254 P00331 P05694 P00359 P0CS90 P41277 P32471 P04807 P06169 P12709 P00360 P22803,false,1,0.03571428571428571,0.4189806580543518,28,false
CPX_396,3,Q05902 P13188 P0CT04,false,1,0.25,0.4190191626548767,3,false
CPX_720,12,P08067 P00128 P00427 P07257 P04037 Q01519 P32799 P32891 P00424 P53721 P07256 Q06485,false,4,0.2222222222222222,0.4191331267356872,12,false
CPX_693,9,P31539 P27796 P53043 P15108 P53691 P07259 P02829 P21965 P15705,false,2,0.14285714285714285,0.4194207489490509,9,false
CPX_563,4,P48232 P53158 P38167 P40003,false,3,0.42857142857142855,0.4194366037845611,4,false
CPX_214,2,P39719 P39524,true,1,0.3333333333333333,0.4203277826309204,2,false
CPX_735,10,Q08959 P23641 P33892 P38217 Q04175 P28003 P47912 P30822 P39993 P40069,false,1,0.09090909090909091,0.4204169511795044,10,false
CPX_705,9,P20485 Q08229 P25389 P53939 P02293 P53067 Q12692 P25293 P54857,false,2,0.18181818181818182,0.4218021631240845,9,false
CPX_683,6,P38814 Q04338 Q08144 Q12482 Q03322 P38932,false,3,0.42857142857142855,0.4219759106636047,6,false
CPX_656,5,P38814 Q08144 Q12482 Q03322 P38932,false,2,0.2857142857142857,0.4219759106636047,5,false
CPX_508,4,P34167 P00359 P40531 P53981,false,0,0.0,0.4220452308654785,4,false
CPX_757,2,P10355 P53839,false,0,0.0,0.4226332306861877,2,false
CPX_477,2,P28007 P47077,false,1,0.2,0.4246085882186889,2,false
CPX_670,7,P28007 P53336 P32495 P47077 Q6Q547 P33322 Q04867,false,4,0.5714285714285714,0.4246085882186889,7,false
CPX_662,5,P39929 P52917 P53843 P36095 P48582,false,2,0.2857142857142857,0.4247061014175415,5,false
CPX_187,13,P32558 Q04636 P40513 Q12161 Q04264 Q12373 P39984 P61830 P32447 P32807 P40161 Q12341 Q12510,false,3,0.23076923076923078,0.4256364405155182,13,false
CPX_180,15,P31244 P32558 Q04636 P40513 Q12161 Q04264 Q12373 P02309 P39984 P61830 P32447 P32807 P40161 Q12341 Q12510,false,3,0.2,0.4256364405155182,15,false
CPX_758,2,P10849 P42900,false,0,0.0,0.4258545935153961,2,false
CPX_404,3,P07866 P50090 P38853,true,2,0.5,0.4281299710273742,3,false
CPX_552,4,P12611 P40463 Q07800 Q07949,false,2,0.5,0.4282527863979339,4,false
CPX_264,2,P36006 Q04439,true,1,0.3333333333333333,0.4284242987632751,2,false
CPX_265,2,P41911 Q00055,false,0,0.0,0.4290695190429687,2,false
CPX_676,7,P17505 P32898 P32335 P40047 P25379 P38523 P0CS90,false,2,0.2222222222222222,0.4301058351993561,7,false
CPX_572,4,P53935 P38878 P36083 P53892,false,0,0.0,0.4306952357292175,4,false
CPX_359,3,P40051 P38197 P07170,false,0,0.0,0.4309988021850586,3,false
CPX_400,3,P07260 Q08977 P12962,true,1,0.2,0.4311896562576294,3,false
CPX_732,10,P32501 P09064 P14741 P09032 Q05791 P32502 P32481 Q02256 P20459 P12754,false,5,0.5,0.4317116141319275,10,false
CPX_724,12,Q06337 P38806 P53201 P53153 P53911 Q12432 P53930 Q08649 Q03713 P47128 P39995 P43572,false,10,0.6666666666666666,0.4320730566978454,12,false
CPX_178,22,P60010 P38806 Q05471 P38326 Q03388 P43572 Q06337 Q12509 P53201 P53930 Q08649 Q03433 Q12464 Q03940 Q12432 P80428 P47128 P53911 Q06707 P35817 P31376 P39995,false,14,0.6363636363636364,0.4320730566978454,22,false
CPX_771,40,P40160 Q01855 P38011 P0C0X0 P32905 P38747 Q3E754 P41057 Q01477 P07280 P48164 P39938 P53741 P05755 P39015 P41058 P26786 P25627 P39939 Q04600 P39516 Q07381 O13516 P26783 P07347 P33442 Q3E792 P23248 P07281 P12945 P06367 P25443 P46654 P05756 P38701 P48589 Q12196 Q08689 P37263 P05750,false,27,0.39705882352941174,0.4324380457401275,40,false
CPX_773,42,P40160 Q01855 P38011 P0C0X0 P32905 P38747 Q3E754 P41057 Q01477 P07280 P48164 P39938 P53741 P38934 P05755 P39015 P41058 P26786 P25627 P39939 Q04600 P39516 Q07381 O13516 P38879 P26783 P07347 P33442 Q3E792 P23248 P07281 P12945 P06367 P25443 P46654 P05756 P38701 P48589 Q12196 Q08689 P37263 P05750,false,27,0.38571428571428573,0.4324380457401275,42,false
CPX_417,3,P25390 P53599 Q07084,false,0,0.0,0.4350611865520477,3,false
CPX_495,3,P39967 P51601 Q99247,false,0,0.0,0.4356223344802856,3,false
CPX_249,2,P39997 P38074,false,0,0.0,0.4357194006443023,2,false
CPX_631,5,P04147 Q03735 P50109 P39936 P39935,false,1,0.14285714285714285,0.4363450109958648,5,false
CPX_197,2,P05694 P25087,false,0,0.0,0.4364277422428131,2,false
CPX_375,2,Q07951 Q12245,true,2,1.0,0.437624990940094,2,true
CPX_407,3,P27476 Q06685 P53210,false,0,0.0,0.4390546381473541,3,false
CPX_405,3,Q03161 P36159 P08466,false,0,0.0,0.4409543573856354,3,false
CPX_321,2,Q03208 Q07834,false,0,0.0,0.4413047134876251,2,false
CPX_382,3,P32485 P16892 P38623,false,0,0.0,0.4415263831615448,3,false
CPX_316,2,Q05568 Q04370,false,2,0.6666666666666666,0.4425007104873657,2,false
CPX_731,10,P06782 Q02805 Q04233 P38990 P11075 P34164 Q08732 Q04739 P12904 P32578,false,3,0.3,0.4434431791305542,10,false
CPX_685,6,Q06164 Q08226 P38850 P14682 P47050 Q06211,false,4,0.5714285714285714,0.4436385035514831,6,false
CPX_533,3,Q04053 P47057 Q07528,false,2,0.6666666666666666,0.4442798197269439,3,false
CPX_345,2,P53253 P32618,false,0,0.0,0.4443487226963043,2,false
CPX_499,3,P38823 P53924 P42843,false,0,0.0,0.4454686045646667,3,false
CPX_458,2,P32319 P53751,false,0,0.0,0.4475233554840088,2,false
CPX_438,3,P32945 P36047 P43587,true,2,0.5,0.4491929411888122,3,false
CPX_560,4,P39010 P18852 P18851 P08539,false,3,0.75,0.4492025375366211,4,false
CPX_593,2,P32493 P22136,false,0,0.0,0.4494356513023376,2,false
CPX_185,17,P15790 P19454 P32558 P32657 P38439 P38835 Q04636 P40340 Q06697 P53064 P38351 P04786 P38930 P43639 Q03213 P39520 P89105,false,5,0.29411764705882354,0.4497668445110321,17,false
CPX_569,4,P32895 Q12265 P38620 P38689,false,0,0.0,0.4510708749294281,4,false
CPX_276,2,Q04002 P40090,true,2,1.0,0.4516520500183105,2,true
CPX_623,5,P19262 P22768 P09624 P20967 P19955,false,4,0.8,0.4519937038421631,5,false
CPX_266,2,P41940 Q06543,false,0,0.0,0.4530051350593567,2,false
CPX_604,2,P21672 P21524,false,2,0.5,0.4534131288528442,2,false
CPX_643,6,P12945 P0CX35 P0CX40 Q08689 P07347 P0CX39,false,3,0.5,0.4534730315208435,6,false
CPX_398,3,Q08961 Q06338 P0CX42,false,1,0.01282051282051282,0.4558848440647125,3,false
CPX_640,6,P26637 P38707 P52910 P36421 P15180 P04802,false,1,0.08333333333333333,0.4564023911952972,6,false
CPX_734,10,P28007 P53336 P32495 P36120 Q6Q547 P40050 P33322 P15424 Q07623 Q04867,false,4,0.4,0.4571313858032226,10,false
CPX_225,2,Q12100 P38758,false,0,0.0,0.4586148858070373,2,false
CPX_671,7,P20437 P24870 P24869 P00546 P38634 P30283 P20486,false,3,0.42857142857142855,0.4596152305603027,7,false
CPX_369,3,P00812 P11745 P04046,false,1,0.25,0.4603106379508972,3,false
CPX_206,2,P11745 P04046,false,0,0.0,0.4603106379508972,2,false
CPX_530,3,P53306 Q06541 P46961,false,2,0.2857142857142857,0.4606725573539734,3,false
CPX_344,2,P35179 P32915,false,2,0.6666666666666666,0.4606725573539734,2,false
CPX_267,2,Q3E7A8 P42839,false,0,0.0,0.4606725573539734,2,false
CPX_450,3,P36057 P38880 P32916,false,2,0.6666666666666666,0.4606725573539734,3,false
CPX_244,2,P38212 Q07895,false,0,0.0,0.4606725573539734,2,false
CPX_328,2,Q02772 Q3E7B2,false,1,0.2,0.4606725573539734,2,false
CPX_559,4,Q03691 P33336 P08456 P39005,false,0,0.0,0.4606725573539734,4,false
CPX_237,2,P38428 Q02159,true,2,1.0,0.4606725573539734,2,true
CPX_279,2,P53191 P40452,false,0,0.0,0.4606725573539734,2,false
CPX_242,2,P43615 P38187,false,0,0.0,0.4606725573539734,2,false
CPX_443,3,P35179 Q08817 P38692,true,1,0.2,0.4606725573539734,3,false
CPX_608,2,P40499 P18410,true,1,0.3333333333333333,0.4606725573539734,2,false
CPX_421,3,Q01590 P38736 P22213,false,2,0.6666666666666666,0.4607421159744262,3,false
CPX_304,2,P47130 Q12049,false,1,0.14285714285714285,0.4619347155094147,2,false
CPX_372,2,Q12680 Q06146,false,0,0.0,0.4621123075485229,2,false
CPX_350,2,P32476 P54861,false,0,0.0,0.4629442691802978,2,false
CPX_775,61,Q02931 P40498 P38882 P36144 Q04305 Q06506 Q06512 P42945 Q04500 P47083 Q05022 P40055 P53941 Q12136 P34247 Q12220 P20448 Q12460 Q08096 P40362 P53276 P33750 P47047 P38961 P40546 P53914 P41819 P48234 Q99216 Q12035 Q99207 Q08492 Q12499 Q06106 P32899 P15646 P40079 Q02354 Q05498 Q08965 P38719 Q06631 P25635 P45818 Q12481 Q06679 Q06078 P40470 P35194 P53254 P25586 P53743 Q05946 P25368 Q04177 Q04217 Q06344 Q07897 Q12754 P38333 Q06287,false,26,0.41935483870967744,0.4632444381713867,61,false
CPX_545,4,P22217 P22803 Q08245 P16550,false,1,0.2,0.4635669887065887,4,false
CPX_748,2,P16467 P26263,false,0,0.0,0.4648445546627044,2,false
CPX_379,3,P46957 P15436 P47110,true,3,1.0,0.4654001891613006,3,true
CPX_682,6,Q05541 Q08204 Q12749 P38632 Q07913 P43124,false,6,0.75,0.4664766192436218,6,false
CPX_285,2,Q08421 P40032,false,0,0.0,0.4665111303329468,2,false
CPX_420,3,P32328 P22204 P40484,false,2,0.6666666666666666,0.4667611122131347,3,false
CPX_774,50,O14464 P36519 P36520 P36523 P20084 P36525 P36533 P53163 P53921 P32611 P40858 P32904 P36528 Q04598 P35996 P25348 P53875 P25626 P25644 P36521 Q02204 P36531 P51998 P32387 Q03153 Q12487 P36534 P32388 P22353 P31334 P12687 Q04599 P36527 P36517 P53166 P53881 Q06630 P14063 P25270 P47017 Q06090 P36526 P36532 P23369 P36516 Q06678 P38064 P53724 P22354 P25642,false,45,0.8823529411764706,0.466945469379425,50,false
CPX_756,2,P10081 P21965,false,1,0.25,0.4671503007411957,2,false
CPX_186,13,P39001 P22579 P38429 Q07458 P40059 P38255 Q03010 Q04779 P50947 P32561 P31385 Q08923 P40505,false,10,0.7692307692307693,0.4693820476531982,13,false
CPX_645,5,P40961 P50085 P39952 P39925 P40341,false,2,0.4,0.4694311022758484,5,false
CPX_528,3,P46151 P53128 Q04533,false,0,0.0,0.4710784554481506,3,false
CPX_232,2,Q08924 P38238,false,0,0.0,0.4716134071350097,2,false
CPX_761,2,P11433 P29366,false,2,0.6666666666666666,0.471778005361557,2,false
CPX_380,3,P15646 P36006 P20447,false,1,0.25,0.4718072712421417,3,false
CPX_617,5,P25343 Q04322 Q12344 P39743 P38088,false,2,0.4,0.471852034330368,5,false
CPX_681,6,Q02884 P38874 Q02908 Q04868 P42935 P34253,true,5,0.7142857142857143,0.4718815386295318,6,false
CPX_629,5,Q06412 P51862 Q12194 P28239 P00817,false,0,0.0,0.4719386100769043,5,false
CPX_621,5,P07342 P28834 P28241 P32485 P25605,false,2,0.4,0.4721704125404358,5,false
CPX_523,3,Q05543 Q02792 P53063,false,2,0.6666666666666666,0.47284027934074396,3,false
CPX_329,2,Q3E793 Q02784,true,2,1.0,0.4737279117107391,2,true
CPX_340,2,P32836 P47123,false,0,0.0,0.4739394783973694,2,false
CPX_483,2,P54885 P25646,false,0,0.0,0.4740102291107178,2,false
CPX_692,9,P31539 P53043 P15108 P16861 P53691 P07259 P02829 P21965 P15705,false,2,0.14285714285714285,0.4750752449035644,9,false
CPX_218,2,P39937 P40987,false,0,0.0,0.4755056500434875,2,false
CPX_542,4,P40482 P48415 P53953 P15303,false,2,0.2857142857142857,0.4764362573623657,4,false
CPX_170,27,P43593 P38764 Q08723 Q04062 P53196 O13563 P50086 P40327 P33298 Q06103 P32628 P32565 P53549 P40016 P18759 P43588 Q12250 P33299 P32496 P33297 P38737 O94742 P47079 P38348 Q01939 P38886 Q12377,false,19,0.4634146341463415,0.4785037934780121,27,false
CPX_287,2,P40084 P47122,false,0,0.0,0.479428231716156,2,false
CPX_179,24,P23615 P20436 P41895 P07273 P38902 P04050 P20434 P20433 P27999 Q06505 P34087 P20435 Q07532 P40084 P27692 P40422 P35189 P41896 P16370 P32914 P46995 P08518 P22139 P22696,false,12,0.5,0.4806854426860809,24,false
CPX_777,72,P0C2H9 P38112 P43586 P36120 Q06205 Q06214 P36049 Q04031 Q08746 Q02892 Q12080 P53927 P36080 Q06511 P36160 P20484 Q07915 P37838 P38789 P53313 P38911 Q08208 Q04373 P53261 Q08287 P38779 P53734 Q04225 P25382 P33201 P38805 P53136 P53972 P40007 Q12522 P25808 P53883 P25617 P40991 Q03862 Q06218 P47019 Q12024 P38803 P35178 P32892 P47108 P39744 Q03532 Q04660 Q08004 Q08962 Q08235 Q12389 Q07844 P38202 P40693 Q12176 P39715 P25582 P34241 P40010 P21304 P53877 P53742 P10962 P38883 P40078 Q12019 Q12153 P32794 Q07896,false,4,0.0547945205479452,0.4848991632461548,72,false
CPX_627,4,Q03714 Q05787 Q99220 Q08109,false,4,0.6666666666666666,0.4851144552230835,4,false
CPX_776,71,P43321 P19736 P49955 Q03375 Q04693 P28320 Q02260 P25337 P40070 P33334 Q06835 P32523 P20095 P54999 P46947 Q00723 Q04048 Q07508 P28004 P36118 P49704 Q03654 Q05900 P38282 P53277 P38302 P39682 Q02554 P33203 Q03338 Q03772 P21374 Q06819 Q08963 Q12330 P19735 Q06091 P38203 Q12309 Q12417 Q03782 P32639 P40968 P53207 P32605 P38241 P34160 Q12046 P53905 P39517 Q00539 P40018 Q00916 P40089 P53333 Q12420 P47093 Q02770 P40204 P36048 Q99181 Q06217 P20053 P40565 Q12368 Q07350 Q06406 P32524 Q03776 Q08920 P34230,false,36,0.46153846153846156,0.4858681261539459,71,false
CPX_634,4,Q12167 Q02773 P47065 Q06109,false,1,0.25,0.4859867095947265,4,false
CPX_213,2,P00815 P53233,false,0,0.0,0.4870174825191498,2,false
CPX_698,9,P39078 P39079 P39077 P40157 P39076 P42943 Q12017 P12612 P40413,false,7,0.7,0.4890756607055664,9,false
CPX_403,3,P15624 P15625 P07806,false,2,0.6666666666666666,0.4891518354415893,3,false
CPX_418,3,P32835 P21827 P53852,false,0,0.0,0.490068644285202,3,false
CPX_310,2,P46671 P53917,false,2,0.2857142857142857,0.4916635751724243,2,false
CPX_385,3,P10081 P35191 P35184,true,1,0.2,0.4918361902236938,3,false
CPX_295,2,P48563 Q03921,false,2,0.6666666666666666,0.4928355813026428,2,false
CPX_650,6,P32582 P54115 P09734 P09733 P41940 P02557,false,2,0.3333333333333333,0.4928779602050781,6,false
CPX_502,3,P52868 Q06411 P36118,true,2,0.5,0.4932956993579864,3,false
CPX_323,2,Q03707 Q12066,false,0,0.0,0.4945755898952484,2,false
CPX_556,4,P35169 P08004 P38691 P38873,true,2,0.3333333333333333,0.4946484267711639,4,false
CPX_361,3,P07253 P15703 P21560,false,2,0.6666666666666666,0.4958535432815552,3,false
CPX_719,11,P38265 P53298 Q12748 Q12493 P47167 Q02732 Q12262 P38907 Q06162 Q06675 P38313,false,11,0.9166666666666666,0.4969124794006347,11,false
CPX_699,8,P54730 P38349 Q06682 P25694 P33755 P34223 Q04311 Q04228,false,3,0.375,0.4973081946372986,8,false
CPX_273,2,Q05779 P41735,false,2,0.3333333333333333,0.4984099268913269,2,false
CPX_274,2,P41816 Q03558,false,0,0.0,0.4986851215362549,2,false
CPX_496,3,P43561 P40088 P38310,false,2,0.6666666666666666,0.4990124702453613,3,false
CPX_412,3,P23900 P38285 Q06628,false,1,0.14285714285714285,0.5007189512252808,3,false
CPX_711,8,P28791 P53146 P53847 P22214 P33891 Q12745 P36015 P41834,false,4,0.5,0.5010288953781128,8,false
CPX_402,3,P38845 P07267 Q04947,false,0,0.0,0.5018438696861267,3,false
CPX_494,3,P53617 P38996 P53861,true,2,0.5,0.5034468770027161,3,false
CPX_212,2,P14306 P00729,false,0,0.0,0.5037093162536621,2,false
CPX_514,3,P53942 Q12338 Q05635,true,3,1.0,0.5039402246475221,3,true
CPX_300,2,P53845 P53039,false,0,0.0,0.5042843818664551,2,false
CPX_607,2,P32588 P17967,true,1,0.3333333333333333,0.5049467086791992,2,false
CPX_283,2,P40008 P43535,true,1,0.3333333333333333,0.5052778124809265,2,false
CPX_618,5,P36076 P36024 P26570 Q08438 P33329,false,3,0.6,0.5058056116104126,5,false
CPX_176,20,Q05778 P30656 P23639 P38624 P21243 P23724 P23638 P25043 P14291 P36040 P38293 P22141 P40303 P25659 P43583 P32379 P40302 P30657 P25451 P21242,false,14,0.358974358974359,0.5058661103248596,20,false
CPX_694,9,P34909 P31384 P25655 P39008 P53280 P40314 P53829 P47086 P06100,true,7,0.6363636363636364,0.5067629218101501,9,false
CPX_717,8,P33441 O13539 P53851 P25555 Q07478 P17629 P38922 P53552,false,6,0.6666666666666666,0.5068967938423157,8,false
CPX_261,2,P38013 P35691,false,0,0.0,0.506955623626709,2,false
CPX_456,3,P38013 P35691 P32449,false,0,0.0,0.506955623626709,3,false
CPX_742,10,P06103 P38431 P32911 P40217 Q03195 P0CX40 P38249 Q05775 P32497 Q04067,false,5,0.5,0.5070869326591492,10,false
CPX_663,5,P40955 Q05029 Q08754 Q12114 P36122,true,5,1.0,0.507618248462677,5,true
CPX_355,3,P11978 P06701 P06700,true,3,1.0,0.5079903602600098,3,true
CPX_336,2,P34228 Q00402,true,1,0.3333333333333333,0.508952260017395,2,false
CPX_348,2,P40992 P32786,false,2,0.6666666666666666,0.5098548531532288,2,false
CPX_524,3,Q03640 Q12466 P53217,false,0,0.0,0.510004460811615,3,false
CPX_227,2,P48412 P38798,false,2,0.6666666666666666,0.5123528242111206,2,false
CPX_548,4,P19414 P39676 P17505 P40850,false,1,0.2,0.5129779577255249,4,false
CPX_679,6,Q92331 P40335 P38759 P32913 Q02866 P34110,false,5,0.8333333333333334,0.5136681795120239,6,false
CPX_269,2,Q07914 P42949,false,2,0.2222222222222222,0.5149999856948853,2,false
CPX_513,4,P14747 P23287 P25296 P06787,false,2,0.5,0.5160759687423706,4,false
CPX_519,4,P08525 P00127 P07143 P00163,false,4,0.4,0.5168483853340149,4,false
CPX_697,9,P12695 P19262 P16387 P32898 P32473 P09624 P16451 P20967 P19955,false,5,0.5555555555555556,0.5169373750686646,9,false
CPX_630,5,P20485 P02293 P53067 Q12692 P25293,false,2,0.2857142857142857,0.5170633792877197,5,false
CPX_174,18,P36103 P25359 P38792 P17883 Q02793 Q08162 P48240 Q08285 P46948 Q05636 Q08491 P53859 P35207 P53256 Q12149 P38801 Q12277 P53725,false,11,0.6111111111111112,0.5171604752540588,18,false
CPX_535,4,P36103 Q02793 P35207 P17883,false,3,0.75,0.5171604752540588,4,false
CPX_411,3,P40364 P49334 P23644,false,2,0.3333333333333333,0.5172820091247559,3,false
CPX_248,2,Q02642 P38013,true,1,0.3333333333333333,0.5180028676986694,2,false
CPX_580,4,P47068 P37370 Q12446 P32790,false,2,0.5,0.5185480117797852,4,false
CPX_281,2,P39954 P43569,false,0,0.0,0.5185697078704834,2,false
CPX_737,9,P38251 P49956 P40339 P32641 P38877 P38629 P25559 Q12050 P40348,false,7,0.7777777777777778,0.5190330743789673,9,false
CPX_597,2,P33315 P23254,false,0,0.0,0.5200279951095581,2,false
CPX_740,9,P49687 P35729 P46673 P52891 P53011 P36161 Q04491 Q99257 P38968,false,8,0.22857142857142856,0.5217549800872803,9,false
CPX_419,3,P22135 P32463 P40491,false,1,0.125,0.5229012966156006,3,false
CPX_641,6,Q02939 P32776 Q04673 P06839 Q12004 Q3E7C1,false,6,0.5454545454545454,0.5229287147521973,6,false
CPX_189,14,P39927 P35728 P53538 Q08553 Q12102 Q06102 P42073 P42841 P29468 P45976 Q01329 Q06224 P36104 Q06632,false,14,0.9333333333333333,0.5229504108428955,14,false
CPX_453,3,P32854 Q04338 P31377,false,3,0.75,0.5230084657669067,3,false
CPX_709,8,P34077 Q02199 P14907 P48837 P40477 Q02647 P40368 P40066,false,8,0.23529411764705882,0.5230320096015929,8,false
CPX_474,2,P38065 P27351,false,2,0.5,0.5236471295356749,2,false
CPX_200,2,P36081 P06780,true,1,0.3333333333333333,0.5245095491409302,2,false
CPX_478,2,Q02776 P25573,false,1,0.25,0.5261457562446594,2,false
CPX_664,7,Q02724 P32499 Q02821 Q06142 P39705 P13259 P20676,false,2,0.2857142857142857,0.5265017151832581,7,false
CPX_708,8,Q02724 P32499 P32337 Q02821 Q06142 P39705 P13259 P20676,false,2,0.25,0.5265017151832581,8,false
CPX_517,3,Q12339 Q06106 Q12481,false,0,0.0,0.5266411304473877,3,false
CPX_423,3,P23337 P47011 P27472,false,0,0.0,0.5267898440361023,3,false
CPX_596,2,P23202 P39678,true,1,0.3333333333333333,0.5269694924354553,2,false
CPX_292,2,Q04431 P53148,true,2,1.0,0.5272402763366699,2,true
CPX_216,2,P47169 P39692,true,2,1.0,0.5276436805725098,2,true
CPX_440,3,Q06188 P34218 Q12311,false,2,0.3333333333333333,0.5280637741088867,3,false
CPX_751,2,P25491 P12688,false,1,0.2,0.528562068939209,2,false
CPX_744,2,P14922 P16649,true,2,1.0,0.5286132097244263,2,true
CPX_339,2,P32829 P33301,false,2,0.6666666666666666,0.5292561650276184,2,false
CPX_541,4,P23503 Q05583 P38829 P40469,false,3,0.75,0.5296459197998047,4,false
CPX_611,2,P18963 P19158,false,0,0.0,0.5299123525619507,2,false
CPX_432,3,Q99288 P39721 P36002,false,0,0.0,0.531108558177948,3,false
CPX_540,4,P22543 Q02948 Q05919 P22219,true,4,1.0,0.5316113233566284,4,true
CPX_192,2,P19414 P07246,false,0,0.0,0.5319392681121826,2,false
CPX_586,4,Q08438 P36024 P36076 P26570,false,3,0.75,0.5323399305343628,4,false
CPX_308,2,Q06625 P43598,false,0,0.0,0.5333830118179321,2,false
CPX_686,6,P51534 P19524 P53141 P36068 P32492 P38272,false,2,0.2857142857142857,0.5345803499221802,6,false
CPX_661,5,P35181 Q12028 P36000 P38700 Q00776,false,4,0.8,0.5347391366958618,5,false
CPX_588,2,P23293 Q05949,true,2,1.0,0.5358914732933044,2,true
CPX_422,3,Q04033 P33330 P22515,false,0,0.0,0.5361409187316895,3,false
CPX_587,4,Q04119 P27476 P32583 P50089,false,0,0.0,0.5363771915435791,4,false
CPX_444,3,P32583 P50089 P39990,false,1,0.16666666666666666,0.5378917455673218,3,false
CPX_352,2,P32583 P39990,false,1,0.2,0.5378917455673218,2,false
CPX_764,2,Q06580 P08964,false,2,0.6666666666666666,0.5394297838211061,2,false
CPX_614,5,P19524 P53141 P36068 P32492 P38272,false,2,0.3333333333333333,0.5404311418533325,5,false
CPX_736,9,P24279 P40359 Q12146 Q03406 Q01454 Q12488 P29469 P29496 P38132,false,8,0.6666666666666666,0.5418004989624023,9,false
CPX_368,3,P00401 P00410 Q01519,false,3,0.2727272727272727,0.5422849059104919,3,false
CPX_173,31,P07703 P20436 P46678 Q01080 P22138 P29056 P20434 P22276 P32529 P46669 P47076 P20435 P47035 P35718 P06700 P32910 Q00684 P43573 Q04307 P04051 P40422 P28000 P25441 P32349 P10964 P17890 P47006 P41910 P36121 P50106 P22139,false,17,0.5483870967741935,0.5424431562423706,31,false
CPX_633,4,Q03944 P43592 Q06001 Q05040,false,4,0.5714285714285714,0.5435470342636108,4,false
CPX_208,2,P41697 O14468,false,1,0.14285714285714285,0.5435910224914551,2,false
CPX_462,2,P35691 P32449,false,0,0.0,0.5460211038589478,2,false
CPX_234,2,P38305 Q06525,false,0,0.0,0.5482864379882812,2,false
CPX_193,2,P53691 P07259,false,0,0.0,0.5490418672561646,2,false
CPX_636,4,P53738 Q12463 P49957 Q03920,false,2,0.5,0.550875186920166,4,false
CPX_205,2,P02994 P38912,false,1,0.25,0.5510229468345642,2,false
CPX_743,2,P50110 P14693,false,2,0.6666666666666666,0.5517449378967285,2,false
CPX_284,2,Q08972 P40024,false,0,0.0,0.5528215169906616,2,false
CPX_326,2,Q00578 Q08816,false,2,0.18181818181818182,0.5534559488296509,2,false
CPX_518,4,O13516 P41057 Q3E754 P39516,false,4,0.07272727272727272,0.5539218783378601,4,false
CPX_539,4,P32521 P33338 P39013 P22137,false,2,0.4,0.5541629791259766,4,false
CPX_217,2,P39713 P39714,false,0,0.0,0.5546281337738037,2,false
CPX_595,2,P40091 P23201,false,2,0.3333333333333333,0.5554192066192627,2,false
CPX_233,2,P53129 P38273,true,2,1.0,0.5557957291603088,2,true
CPX_275,2,P40085 Q12232,false,0,0.0,0.5563950538635254,2,false
CPX_615,5,P47171 P32479 P22216 Q01448 P32480,false,4,0.8,0.5577149987220764,5,false
CPX_667,7,P53125 P27344 P24482 P21951 Q04603 Q08773 P40366,false,4,0.5714285714285714,0.5588557720184326,7,false
CPX_759,2,P11076 P19146,false,0,0.0,0.5610631704330444,2,false
CPX_628,4,Q12092 Q06410 Q12527 Q12421,false,3,0.75,0.5615721344947815,4,false
CPX_726,10,P36162 P69850 P35734 Q12248 P36131 P69851 Q03954 P53168 P69852 P53267,true,10,1.0,0.5616426467895508,10,true
CPX_469,2,P29704 P53199,false,1,0.25,0.5620440840721129,2,false
CPX_637,4,P52868 Q06411 P53866 P53131,false,2,0.4,0.5623536109924316,4,false
CPX_256,2,Q12181 P36152,true,2,1.0,0.5631598234176636,2,true
CPX_585,4,P25604 Q99176 P42939 Q02767,true,4,1.0,0.5633904933929443,4,true
CPX_570,4,P40541 Q12158 P32908 P47037,true,4,1.0,0.5636156797409058,4,true
CPX_236,2,P53909 P38352,false,1,0.16666666666666666,0.5637766122817993,2,false
CPX_219,2,P39940 P47029,true,1,0.3333333333333333,0.5669195652008057,2,false
CPX_451,3,P30775 P34072 P32608,false,0,0.0,0.5678040385246277,3,false
CPX_325,2,Q07794 P53853,true,2,1.0,0.5679072141647339,2,true
CPX_696,9,P32501 P09064 P14741 P09032 Q05791 P32502 P32481 P20459 P12754,false,5,0.5555555555555556,0.5688024759292603,9,false
CPX_317,2,Q08269 Q05867,false,0,0.0,0.570199728012085,2,false
CPX_306,2,P54114 P47771,false,0,0.0,0.5726866722106934,2,false
CPX_738,9,P38786 P38291 P40993 P53218 P38208 P53833 P38336 P28005 P41812,false,9,0.9,0.5726933479309082,9,false
CPX_378,3,P35193 P14904 P22855,false,0,0.0,0.5727772712707521,3,false
CPX_313,2,Q07825 Q04120,false,0,0.0,0.5729097723960876,2,false
CPX_721,12,Q04601 P40577 Q12440 P09798 P38042 P53886 Q08683 Q12379 Q12107 P16522 P53068 P14724,false,12,0.9230769230769231,0.5737066864967346,12,false
CPX_767,2,P0CX36 P0CX31,false,2,0.03636363636363636,0.5758575201034546,2,false
CPX_254,2,P53010 P36102,true,2,1.0,0.5767600536346436,2,true
CPX_573,4,Q12071 P47061 P39904 P36116,true,4,1.0,0.5769410729408264,4,true
CPX_294,2,P50091 P48445,true,1,0.3333333333333333,0.5788041353225708,2,false
CPX_714,8,P25569 P38263 P40208 P40547 P40492 Q12508 Q12027 P53076,false,7,0.875,0.5789533853530884,8,false
CPX_668,7,P23595 P38903 P54786 P23594 P50111 Q00362 P31383,false,3,0.42857142857142855,0.5826230049133301,7,false
CPX_354,2,P32607 P38165,true,2,1.0,0.5836682319641113,2,true
CPX_589,2,P24276 P53894,true,1,0.3333333333333333,0.5837650299072266,2,false
CPX_358,3,P39735 P06777 P06838,true,3,1.0,0.5844672322273254,3,true
CPX_527,3,Q04213 Q12072 P43596,true,2,0.5,0.5917006731033325,3,false
CPX_565,4,P38863 P39723 P53378 P53540,false,3,0.75,0.5927786827087402,4,false
CPX_332,2,P53312 P53598,true,2,1.0,0.5933332443237305,2,true
CPX_230,2,P38820 P40554,false,0,0.0,0.5934665203094482,2,false
CPX_722,12,P47104 P16140 P41807 P32563 P39111 P48836 Q03956 P31412 P22203 P32366 P17255 P32610,false,10,0.5555555555555556,0.5936386585235596,12,false
CPX_619,5,P04821 P39960 P53094 Q08732 P38321,false,0,0.0,0.5949201583862305,5,false
CPX_654,5,Q12267 P38989 Q06156 P38170 Q06680,true,5,1.0,0.5950905680656433,5,true
CPX_716,7,P39706 Q03012 Q03323 P43132 P38827 P38123 P38337,false,7,0.875,0.5969933867454529,7,false
CPX_547,4,Q08966 P20052 P17157 P17442,false,2,0.5,0.5970662832260132,4,false
CPX_745,2,P15019 P53228,false,0,0.0,0.597748875617981,2,false
CPX_599,2,P21524 P19358,false,1,0.25,0.6007794141769409,2,false
CPX_309,2,P43601 P53855,true,2,1.0,0.6010341644287109,2,true
CPX_624,5,P49723 Q12363 Q12040 P09938 Q12206,false,2,0.3333333333333333,0.6024051904678345,5,false
CPX_476,2,P53318 P27680,false,2,0.3333333333333333,0.6025692224502563,2,false
CPX_342,2,P32867 P40357,false,2,0.6666666666666666,0.6027288436889648,2,false
CPX_564,4,P38276 Q12118 Q12125 Q12285,false,4,0.8,0.6031581163406372,4,false
CPX_765,2,Q04437 P09232,true,1,0.3333333333333333,0.6032391786575317,2,false
CPX_333,2,P53336 Q04867,false,0,0.0,0.6036114692687988,2,false
CPX_606,2,P16661 P32900,false,0,0.0,0.6045476794242859,2,false
CPX_296,2,Q12122 P48570,false,0,0.0,0.6049643754959106,2,false
CPX_255,2,Q07845 P36146,true,2,1.0,0.6053527593612671,2,true
CPX_221,2,P53157 P38857,true,2,1.0,0.6054452061653137,2,true
CPX_594,2,P25385 P22804,false,2,0.5,0.6057516932487488,2,false
CPX_194,2,P39708 P07262,false,0,0.0,0.6061586141586304,2,false
CPX_710,8,P38261 P33332 Q06245 P32844 P32855 P89102 P19658 P22224,true,8,1.0,0.6065917015075684,8,true
CPX_510,4,P15108 Q12449 P02829 P15705,false,2,0.2222222222222222,0.6073629856109619,4,false
CPX_293,2,Q00582 P53290,false,2,0.4,0.6075892448425293,2,false
CPX_322,2,Q03370 Q06169,false,0,0.0,0.6080952286720276,2,false
CPX_175,18,P38144 Q07979 Q05123 Q03124 P38781 P53330 Q06168 P53236 Q06488 Q9URQ5 P25632 P32832 P38210 P43609 P32597 Q06639 Q12406 Q02206,false,16,0.8888888888888888,0.6083323359489441,18,false
CPX_689,6,P50946 P25366 P53965 P38738 Q12454 P53949,false,0,0.0,0.6096642017364502,6,false
CPX_427,3,Q02771 Q3E731 P19516,false,0,0.0,0.6099562644958496,3,false
CPX_338,2,P32807 Q08949,true,1,0.3333333333333333,0.6102126836776733,2,false
CPX_410,3,P40077 P23561 P25344,false,0,0.0,0.6103465557098389,3,false
CPX_500,3,P38828 P53297 Q07362,false,1,0.25,0.6115099191665649,3,false
CPX_707,8,P32527 P36008 P32471 P38788 P06105 P16521 P23301 P29547,false,2,0.25,0.6116869449615479,8,false
CPX_755,2,P14680 Q08650,false,0,0.0,0.6117373704910278,2,false
CPX_609,2,P18562 P27515,false,0,0.0,0.6125462055206299,2,false
CPX_413,3,Q12335 P25349 P38234,false,0,0.0,0.6127841472625732,3,false
CPX_252,2,Q12015 P36096,false,2,0.5,0.6137430667877197,2,false
CPX_395,3,P0C5R9 Q3E7B6 P37296,false,3,0.1875,0.6137430667877197,3,false
CPX_465,2,P28791 Q03306,false,1,0.2,0.6137430667877197,2,false
CPX_331,2,P57744 P53299,true,2,1.0,0.6137430667877197,2,true
CPX_209,2,O74700 P87108,true,2,1.0,0.6137430667877197,2,true
CPX_343,2,P39515 P32897,false,2,0.4,0.6137430667877197,2,false
CPX_280,2,Q12431 P40540,false,2,0.3333333333333333,0.6137430667877197,2,false
CPX_657,5,P41733 Q04080 P39012 P49018 P38875,true,5,1.0,0.6137430667877197,5,true
CPX_291,2,P53102 P53187,true,2,1.0,0.6137430667877197,2,true
CPX_367,2,Q8TGJ3 Q3E834,false,0,0.0,0.6137430667877197,2,false
CPX_305,2,P89114 P47160,true,1,0.3333333333333333,0.6137430667877197,2,false
CPX_315,2,Q04216 Q06537,false,0,0.0,0.6137430667877197,2,false
CPX_335,2,P33421 Q08749,false,1,0.2,0.6137430667877197,2,false
CPX_376,2,Q08176 Q3E798,true,2,1.0,0.6137430667877197,2,true
CPX_480,2,P25580 P47088,true,2,1.0,0.6137430667877197,2,true
CPX_314,2,Q04172 Q06668,false,0,0.0,0.6137430667877197,2,false
CPX_302,2,P47111 Q12016,true,2,1.0,0.6137430667877197,2,true
CPX_459,2,Q04082 P32363,false,2,0.3333333333333333,0.6137430667877197,2,false
CPX_224,2,Q07843 P38748,false,0,0.0,0.6137430667877197,2,false
CPX_546,4,P16658 Q04675 Q02825 P39707,true,4,1.0,0.6137430667877197,4,true
CPX_430,3,P35209 P36057 P38177,false,1,0.25,0.6137430667877197,3,false
CPX_489,3,P43570 Q12096 Q06350,false,0,0.0,0.6137430667877197,3,false
CPX_571,4,Q04477 P40014 P33895 P40460,true,4,1.0,0.6145195960998535,4,true
CPX_415,3,Q03020 P25374 Q6Q560,false,3,0.5,0.6146891713142395,3,false
CPX_472,2,Q03834 P25847,true,2,1.0,0.6148103475570679,2,true
CPX_171,27,P06844 P50105 Q03750 Q03067 Q03330 Q05021 P38129 P25554 P32494 P38811 Q6WNK7 P50875 P38915 Q03761 P53040 P46677 P50102 Q12030 Q02336 Q04226 P11747 P35177 Q12060 Q12297 Q05027 P23255 P53165,false,19,0.6785714285714286,0.616422176361084,27,false
CPX_766,2,P25302 P09959,true,2,1.0,0.6165900230407715,2,true
CPX_245,2,P38222 Q01662,false,0,0.0,0.616683840751648,2,false
CPX_298,2,P50101 Q06673,false,0,0.0,0.6187026500701904,2,false
CPX_525,3,P53246 Q02457 Q05934,false,0,0.0,0.6209211349487305,3,false
CPX_702,8,P53271 P53195 P53951 P40094 Q06096 Q04632 P53079 P53959,true,8,1.0,0.6228067874908447,8,true
CPX_584,4,P36039 P25574 P53073 P47133,false,4,0.6666666666666666,0.6246512532234192,4,false
CPX_660,5,Q08287 P53734 P34241 Q05942 P47108,true,5,1.0,0.624793291091919,5,true
CPX_635,4,P53734 P47108 Q08287 Q05942,false,4,0.8,0.624793291091919,4,false
CPX_649,5,Q12348 Q12468 P40512 Q04368 Q03981,false,5,0.8333333333333334,0.6267588138580322,5,false
CPX_531,3,P46962 P46963 Q03957,true,3,1.0,0.6278838515281677,3,true
CPX_471,2,P25649 Q12433,false,2,0.3333333333333333,0.6287739872932434,2,false
CPX_353,2,P32583 P50089,false,0,0.0,0.6302054524421692,2,false
CPX_198,2,Q12514 P06100,false,2,0.2222222222222222,0.6321910619735718,2,false
CPX_566,4,Q12143 P47149 P39731 P40568,true,4,1.0,0.6323341727256775,4,true
CPX_301,2,P47058 Q9URQ3,true,2,1.0,0.6328668594360352,2,true
CPX_590,2,P38797 P24280,false,0,0.0,0.6331018209457397,2,false
CPX_241,2,P38181 Q03790,false,2,0.058823529411764705,0.6350500583648682,2,false
CPX_562,4,P38153 P46682 Q08951 P47064,true,4,1.0,0.6351008415222168,4,true
CPX_603,2,P21373 P32622,false,0,0.0,0.6353466510772705,2,false
CPX_484,3,Q12517 P39998 P53550,false,2,0.6666666666666666,0.636605978012085,3,false
CPX_428,3,P40856 P20604 P43612,false,2,0.6666666666666666,0.6379436254501343,3,false
CPX_239,2,P38138 Q04924,true,2,1.0,0.6389173865318298,2,true
CPX_725,10,Q99394 P38334 P46944 Q03784 P36149 Q04183 Q03630 Q03337 P32893 Q03660,true,9,0.8181818181818182,0.6391347646713257,10,false
CPX_583,4,Q12344 P25343 Q04322 P39743,false,2,0.5,0.639194130897522,4,false
CPX_760,2,P11154 P32327,false,0,0.0,0.6397432684898376,2,false
CPX_567,4,P39925 P50085 P40961 P40341,false,2,0.5,0.6413512229919434,4,false
CPX_468,2,P38816 P29509,false,0,0.0,0.6421816349029541,2,false
CPX_318,2,Q07457 Q02796,false,1,0.5,0.6423572301864624,2,false
CPX_691,6,P32367 Q06339 P33339 P34111 Q12415 Q12308,true,6,1.0,0.6423866152763367,6,true
CPX_512,4,P06245 P07278 P05986 P06244,false,3,0.75,0.6429129838943481,4,false
CPX_390,3,Q04199 Q12495 P13712,true,3,1.0,0.6463537216186523,3,true
CPX_182,15,Q03435 P60010 P53946 Q12345 P40154 Q12464 P40060 Q03940 P43579 P32617 P80428 Q12386 P53115 P35189 Q08561,true,15,1.0,0.6480305790901184,15,true
CPX_515,3,Q06623 P53973 Q06629,true,3,1.0,0.6485615968704224,3,true
CPX_377,2,Q12455 Q12074,false,0,0.0,0.6486927270889282,2,false
CPX_169,25,Q08278 P38782 P32259 P39073 P19263 P38633 P53114 P40356 Q12343 P25648 Q12321 P25046 P19659 Q06213 P34162 P47821 P47822 P38304 Q12124 P32585 P33308 P32569 P38931 P32570 Q99278,false,21,0.84,0.6520925760269165,25,false
CPX_551,4,P10363 P13382 P20457 P38121,true,4,1.0,0.6523929238319397,4,true
CPX_741,10,P30902 P07251 Q12349 P21306 P38077 Q12165 P09457 Q12233 P00830 P05626,false,10,0.5882352941176471,0.6536447405815125,10,false
CPX_677,7,P39702 P27801 Q03308 P20795 P12868 Q07468 P38959,false,6,0.8571428571428571,0.653656005859375,7,false
CPX_455,3,P40164 P38193 P32345,true,3,1.0,0.6576641798019409,3,true
CPX_591,2,P40970 P25045,false,2,0.3333333333333333,0.6580160856246948,2,false
CPX_330,2,P53295 Q03768,false,0,0.0,0.6589467525482178,2,false
CPX_288,2,P53044 Q12229,false,1,0.25,0.6625463366508484,2,false
CPX_678,6,P54790 P32833 P38826 P54784 P50874 P54791,true,6,1.0,0.6626299619674683,6,true
CPX_286,2,P40510 P40054,false,2,0.2857142857142857,0.6629558801651001,2,false
CPX_373,2,Q12123 Q06151,true,2,1.0,0.6634898781776428,2,true
CPX_199,2,Q12166 P06208,false,0,0.0,0.6652069091796875,2,false
CPX_260,2,Q12063 P35196,true,2,1.0,0.6653434038162231,2,true
CPX_439,3,Q03557 P53260 P33893,true,3,1.0,0.6660515069961548,3,true
CPX_592,2,P25303 Q08045,false,0,0.0,0.6666216254234314,2,false
CPX_485,3,P53192 Q12154 P40056,true,3,1.0,0.6668051481246948,3,true
CPX_319,2,Q06063 Q02872,false,0,0.0,0.6687991619110107,2,false
CPX_334,2,Q12160 P53723,false,0,0.0,0.669097900390625,2,false
CPX_655,5,P38439 Q06697 P53064 P38351 P89105,true,5,1.0,0.6695177555084229,5,true
CPX_763,2,P17555 P08678,true,2,1.0,0.6697900891304016,2,true
CPX_184,16,P25359 P38792 P17883 Q08162 P48240 Q08285 P46948 Q05636 Q08491 P53859 P35207 P53256 Q12149 P38801 Q12277 P53725,false,11,0.6875,0.6698507070541382,16,false
CPX_278,2,P53971 P40449,false,0,0.0,0.6705809831619263,2,false
CPX_277,2,Q92317 P40096,true,2,1.0,0.6743555068969727,2,true
CPX_652,5,Q3E833 P36132 Q03705 P46984 P53323,true,5,1.0,0.6743670105934143,5,true
CPX_520,3,Q06696 P47142 Q12483,true,3,1.0,0.6751499176025391,3,true
CPX_289,2,P53923 P53088,false,0,0.0,0.6753394603729248,2,false
CPX_746,2,P15274 P40361,false,0,0.0,0.6762244701385498,2,false
CPX_337,2,Q99257 P34232,true,2,1.0,0.6763700246810913,2,true
CPX_297,2,P49089 P49090,false,0,0.0,0.6775727272033691,2,false
CPX_243,2,P38204 P53437,false,2,0.3333333333333333,0.6782953143119812,2,false
CPX_779,2,O13297 Q01159,true,2,1.0,0.6808762550354004,2,true
CPX_553,4,P28495 P13517 P40045 P40563,false,2,0.5,0.6825649738311768,4,false
CPX_632,4,P40366 P53125 Q08773 Q04603,true,4,1.0,0.6833800077438354,4,true
CPX_733,10,P09547 P43554 Q05123 P18480 P53330 Q12406 P53628 P18888 P22082 P32591,false,10,0.8333333333333334,0.6881927251815796,10,false
CPX_203,2,P02294 P04912,false,2,0.5,0.6947504281997681,2,false
CPX_576,4,Q00764 P38427 P38426 P31688,false,3,0.75,0.6950700283050537,4,false
CPX_687,6,P38687 P20424 P38688 P32342 P29478 P38985,true,6,1.0,0.6970896720886229,6,true
CPX_54,4,P53628 P43554 P18480 P32591,false,4,0.3333333333333333,0.7001379728317261,4,false
CPX_107,2,P33441 P53552,false,2,0.4,0.7002882361412048,2,false
CPX_119,2,Q04410 Q12191,true,2,1.0,0.7003968954086304,2,true
CPX_157,2,P07260 P12962,false,1,0.25,0.7004327774047852,2,false
CPX_28,5,P39927 P53538 P42073 Q06224 Q01329,false,5,0.3333333333333333,0.700952410697937,5,false
CPX_165,11,Q12417 Q03654 Q12046 P38241 P53277 P32523 P21374 Q12309 Q04048 Q06091 P28004,false,7,0.5833333333333334,0.7009877562522888,11,false
CPX_118,2,Q03973 Q12159,false,1,0.125,0.7010241746902466,2,false
CPX_82,3,P31384 P39008 P25655,false,3,0.3333333333333333,0.7011348009109497,3,false
CPX_97,3,P33442 P06367 P25443,false,3,0.05454545454545454,0.7013964653015137,3,false
CPX_57,3,Q03761 Q05021 Q12297,false,3,0.2,0.7014145255088806,3,false
CPX_19,9,P36523 P53881 P14063 P20084 Q06090 Q02204 P36516 P22354 P40858,false,9,0.1956521739130435,0.7020596265792847,9,false
CPX_75,3,P41057 P32905 Q3E754,false,3,0.05454545454545454,0.7020596265792847,3,false
CPX_109,2,P38759 P34110,false,2,0.4,0.7021431922912598,2,false
CPX_49,4,P38351 P38439 Q06697 P53064,false,4,0.8,0.702151894569397,4,false
CPX_120,2,P49687 P46673,false,3,0.09090909090909091,0.7022067308425903,2,false
CPX_95,3,P04821 P53094 P38321,false,0,0.0,0.7027513384819031,3,false
CPX_92,2,Q12125 Q12285,false,2,0.4,0.7028937935829163,2,false
CPX_56,3,Q03784 Q03630 Q99394,false,3,0.5,0.7030447721481323,3,false
CPX_61,3,P38153 P46682 Q08951,false,3,0.75,0.7030746936798096,3,false
CPX_20,6,Q03782 P53207 P39682 P33203 Q03776 Q07508,false,6,0.35294117647058826,0.7035028338432312,6,false
CPX_3,17,P32585 Q06213 P33308 P53114 P34162 Q08278 P38782 P40356 P32569 P32259 Q12343 P32570 P47822 Q99278 Q12321 P38304 P19263,false,17,0.8095238095238095,0.7039428353309631,17,false
CPX_161,10,Q06213 P33308 Q08278 P40356 Q12124 Q12343 P47822 Q12321 P25046 P19263,false,10,0.47619047619047616,0.7039428353309631,10,false
CPX_4,19,P02400 O14455 P05740 P05744 P46990 P53221 P04456 P14120 P05738 P38061 Q02753 Q02326 P05748 P0C2H8 P26785 P26784 P40212 P02406 P17076,false,18,0.23376623376623376,0.7041065692901611,19,false
CPX_7,30,Q03246 P53305 P10662 P02381 P53732 Q01163 Q03430 O75012 P40033 P12686 P53292 P32902 P17558 P47141 P38120 P38175 P42847 P40496 Q03976 P53733 Q02950 P10663 P33759 P36056 P21771 P27929 P38783 Q03201 P47150 P28778,false,29,0.8285714285714286,0.7041252851486206,30,false
CPX_18,8,P27692 P16370 P27999 P34087 P08518 P38902 P04050 P20433,false,7,0.5384615384615384,0.7041636109352112,8,false
CPX_34,5,P24783 P05319 P37292 P05317 P09440,false,2,0.02531645569620253,0.7045403122901917,5,false
CPX_59,4,P04051 P47076 P22276 P35718,false,4,0.23529411764705882,0.7046001553535461,4,false
CPX_33,5,P22276 P32910 P04051 P32349 P17890,false,5,0.29411764705882354,0.7046001553535461,5,false
CPX_142,2,P39706 P38123,false,2,0.25,0.7046973705291748,2,false
CPX_150,35,P43586 Q06205 P36049 Q08746 Q02892 P53927 P36160 Q08208 P37838 P38789 P53261 P38779 P33201 P53136 P38805 P40007 Q03862 P40991 Q06218 Q12024 P35178 P32892 P39744 Q03532 Q04660 Q08962 Q12389 Q08235 P40693 Q12176 P25582 P40010 P53742 P40078 Q07896,false,3,0.08571428571428572,0.7049604058265686,35,false
CPX_159,13,P07281 Q01855 P38011 P0C0X0 P05756 P48164 P38701 P26783 P05755 P26786 Q3E792 P23248 P05750,false,13,0.23636363636363636,0.7054567933082581,13,false
CPX_158,2,P07267 Q04947,false,0,0.0,0.7055343389511108,2,false
CPX_166,11,Q07979 Q05123 Q03124 Q06168 Q06488 P25632 P32832 P43609 Q12406 P32597 Q02206,false,11,0.6875,0.7055351734161377,11,false
CPX_2,16,P24783 P47019 P10664 Q02326 P41805 P14126 P05748 P21304 P29453 P37292 P53145 Q03862 P05317 P05738 P05737 P09440,false,9,0.10843373493975904,0.7056071758270264,16,false
CPX_66,3,Q12143 P47149 P39731,false,3,0.75,0.7056823968887329,3,false
CPX_9,2,P09938 P49723,false,2,0.6666666666666666,0.7058014869689941,2,false
CPX_162,10,P32585 P53114 P34162 P38782 P32569 P32259 P32570 Q99278 Q12321 P38304,false,10,0.47619047619047616,0.7058143615722656,10,false
CPX_65,3,Q04080 P39012 P38875,false,3,0.6,0.70601487159729,3,false
CPX_21,6,P43321 Q02260 Q06217 P33334 P54999 P40018,false,5,0.625,0.7060242891311646,6,false
CPX_146,2,P47821 P39073,false,2,0.5,0.706157922744751,2,false
CPX_151,2,P00360 P00358,false,0,0.0,0.7065860033035278,2,false
CPX_80,3,P26755 P26754 P22336,true,3,1.0,0.7065955400466919,3,true
CPX_46,4,P39704 Q05359 P32803 P54837,true,4,1.0,0.7066932916641235,4,true
CPX_8,34,Q02931 P38882 Q04305 Q06506 P42945 Q04500 P47083 Q05022 P40055 P53941 Q12220 P34247 Q08096 P40362 P53276 P33750 P53914 P48234 Q99207 Q08492 Q02354 Q08965 Q06631 P25635 P45818 Q06679 Q06078 Q05946 P35194 P53254 P25586 Q04177 Q04217 Q06287,false,14,0.2978723404255319,0.7069016098976135,34,false
CPX_23,7,P22579 P38255 Q03010 P50947 P32561 P31385 P40505,false,7,0.7,0.7070024013519287,7,false
CPX_31,4,P40547 P40492 P53076 Q12508,false,4,0.5714285714285714,0.7076418399810791,4,false
CPX_16,10,Q02336 P32494 Q03330 P35177 Q12060 P06844 P53165 P50875 P38915 P53040,false,10,0.5,0.7077367305755615,10,false
CPX_164,11,P43321 P49704 P36048 P32639 Q06217 P33334 P20053 Q03338 P40018 P19735 Q12420,false,7,0.3888888888888889,0.707976222038269,11,false
CPX_153,2,P05453 P12385,true,2,1.0,0.7080985307693481,2,true
CPX_22,6,Q04493 P40005 P53900 P46988 P48363 P52553,true,6,1.0,0.7082527279853821,6,true
CPX_88,3,P12868 P20795 P27801,false,3,0.5,0.708358883857727,3,false
CPX_32,5,P00924 P14540 P06169 P00925 P00560,false,0,0.0,0.708378255367279,5,false
CPX_15,9,Q03435 Q12345 Q12464 P40060 Q03940 P43579 P80428 Q12386 P53115,false,9,0.6,0.708710789680481,9,false
CPX_74,3,P32563 P32366 P47075,true,1,0.2,0.7092883586883545,3,false
CPX_67,3,Q06706 Q02908 P42935,false,3,0.5,0.7101552486419678,3,false
CPX_85,3,P42841 P29468 P35728,false,3,0.2,0.7103879451751709,3,false
CPX_38,2,P20424 P29478,false,2,0.3333333333333333,0.7107869386672974,2,false
CPX_72,2,P34730 P29311,false,0,0.0,0.7109830379486084,2,false
CPX_163,11,P07703 P32529 P47006 P46669 Q01080 P22138 P28000 P10964 P20434 P22139 P20435,false,11,0.7857142857142857,0.7112511396408081,11,false
CPX_168,7,P38328 P47117 P40518 P32381 Q05933 P53731 P33204,true,7,1.0,0.7115287184715271,7,true
CPX_48,4,Q12030 P53040 Q05027 P38129,false,4,0.26666666666666666,0.7115321159362793,4,false
CPX_81,3,Q03503 P23059 Q02197,true,3,1.0,0.7130149006843567,3,true
CPX_73,3,Q00764 P38427 P31688,true,3,1.0,0.7130362391471863,3,true
CPX_30,4,Q12488 P40359 Q12146 Q03406,true,4,1.0,0.7131773233413696,4,true
CPX_1,13,P25359 P38792 Q08162 P48240 Q08285 P46948 Q05636 Q08491 P53859 P53256 P38801 Q12277 Q12149,false,11,0.8461538461538461,0.7139946222305298,13,false
CPX_112,2,Q03705 P53323,false,2,0.4,0.7154222726821899,2,false
CPX_13,2,Q04969 P15367,false,2,0.5,0.7154397964477539,2,false
CPX_543,4,Q04969 Q12133 P46965 P15367,true,4,1.0,0.7154397964477539,4,true
CPX_6,24,P36519 P36520 P20084 P36525 P36533 P36528 P25626 P36531 P51998 P32387 Q12487 P22353 P31334 P12687 Q04599 P36527 P53881 Q06630 P36526 P23369 Q06678 P38064 P53724 P25642,false,24,0.5217391304347826,0.7159615755081177,24,false
CPX_160,13,P21243 P22141 P23724 P38624 P23638 P40303 P25043 P32379 P40302 P23639 P30657 P25451 P21242,false,13,0.3939393939393939,0.7172683477401733,13,false
CPX_5,21,P43593 P38764 Q08723 Q04062 O13563 P50086 P40327 P33298 Q06103 P32565 P53549 P40016 P43588 Q12250 P33299 P32496 P33297 O94742 Q01939 P38886 Q12377,false,19,0.5428571428571428,0.7177480459213257,21,false
CPX_86,3,P07347 P12945 Q08689,true,3,1.0,0.7177757620811462,3,true
CPX_79,3,P20448 P53743 Q06344,false,0,0.0,0.718313455581665,3,false
CPX_58,4,P38077 P00830 P09457 P07251,false,4,0.23529411764705882,0.7183650732040405,4,false
CPX_26,5,P38251 P40339 P38629 P38630 P40348,true,5,1.0,0.7193375825881958,5,true
CPX_125,2,Q06624 P52488,true,2,1.0,0.7207467555999756,2,true
CPX_116,2,Q02821 Q06142,true,2,1.0,0.7218232154846191,2,true
CPX_93,3,P00427 P00424 P04037,false,2,0.16666666666666666,0.722210168838501,3,false
CPX_110,2,Q08920 P34160,true,2,1.0,0.7227140665054321,2,true
CPX_128,2,P53192 P40056,false,2,0.6666666666666666,0.7261637449264526,2,false
CPX_122,2,Q12133 P46965,false,2,0.5,0.7266559600830078,2,false
CPX_11,2,P19358 P10659,false,2,0.2857142857142857,0.7268226146697998,2,false
CPX_83,3,P38786 P28005 P38336,false,3,0.3333333333333333,0.7270270586013794,3,false
CPX_155,2,P19097 P07149,true,2,1.0,0.7277029752731323,2,true
CPX_24,5,Q02939 P32776 Q04673 Q12004 Q3E7C1,false,5,0.45454545454545453,0.7277341485023499,5,false
CPX_130,2,P40366 Q04603,false,2,0.5,0.72786545753479,2,false
CPX_154,2,P06243 P32325,true,2,1.0,0.7282229661941528,2,true
CPX_27,5,P39078 P39079 P39077 P39076 P40413,false,5,0.625,0.72847580909729,5,false
CPX_135,2,P43124 Q05541,false,2,0.25,0.7285605669021606,2,false
CPX_71,2,P28834 P28241,true,2,1.0,0.7290090322494507,2,true
CPX_114,2,Q12368 Q00723,false,2,0.06896551724137931,0.7296361923217773,2,false
CPX_51,4,P12695 P32473 P09624 P16387,false,4,0.8,0.7298951148986816,4,false
CPX_94,3,P46672 P46655 P00958,true,3,1.0,0.7302661538124084,3,true
CPX_139,2,P36131 Q03954,false,2,0.2,0.7314314842224121,2,false
CPX_100,2,P32608 Q12018,false,1,0.16666666666666666,0.7314440011978149,2,false
CPX_141,2,P54113 P38009,false,0,0.0,0.7316391468048096,2,false
CPX_36,2,P16658 Q02825,false,2,0.5,0.7319983243942261,2,false
CPX_17,8,P32558 Q04636 Q12161 Q12373 P02309 P39984 P32447 Q12341,false,3,0.375,0.7320045232772827,8,false
CPX_103,2,P32774 P32773,true,2,1.0,0.7327626943588257,2,true
CPX_63,3,P47128 P38806 P43572,true,2,0.5,0.7329674959182739,3,false
CPX_113,2,P53741 Q01477,true,2,1.0,0.7334945797920227,2,true
CPX_91,2,Q06511 Q12153,false,0,0.0,0.7341154217720032,2,false
CPX_90,2,Q06504 Q12387,true,2,1.0,0.7344580888748169,2,true
CPX_25,5,P39007 P33767 P41543 Q03723 Q02795,false,5,0.625,0.7347967028617859,5,false
CPX_152,2,P15108 P02829,false,2,0.2857142857142857,0.7353587150573729,2,false
CPX_37,2,P16861 P16862,true,2,1.0,0.7355433106422424,2,true
CPX_89,3,P15646 Q12499 Q12460,false,3,0.75,0.7363290190696716,3,false
CPX_45,4,P39107 P46985 P50108 P32629,false,4,0.8,0.7367373704910278,4,false
CPX_84,3,P28007 P33322 Q6Q547,false,3,0.75,0.7370845079421997,3,false
CPX_102,2,P32617 P53946,false,2,0.13333333333333333,0.7374875545501709,2,false
CPX_106,2,Q02775 P33411,false,1,0.022727272727272728,0.7387679815292358,2,false
CPX_35,5,P16140 P41807 P31412 P22203 P17255,false,5,0.3125,0.7409615516662598,5,false
CPX_44,4,P47017 P25644 P40070 P38203,false,4,0.5,0.7415081262588501,4,false
CPX_40,2,Q01590 P22213,true,2,1.0,0.7419363260269165,2,true
CPX_132,2,P50085 P40961,true,2,1.0,0.7429475784301758,2,true
CPX_127,2,P53252 Q12230,false,0,0.0,0.7442644834518433,2,false
CPX_98,3,P12904 P06782 Q04739,true,3,1.0,0.7443352937698364,3,true
CPX_124,2,P89886 P47089,false,0,0.0,0.7451912164688109,2,false
CPX_167,7,P43621 P40509 P32074 P53622 P53600 P41810 P41811,true,7,1.0,0.7455803155899048,7,true
CPX_29,6,P06103 P38431 P40217 P38249 P32497 Q04067,false,5,0.8333333333333334,0.7458716630935669,6,false
CPX_68,2,P25604 Q02767,false,2,0.5,0.7464336156845093,2,false
CPX_111,2,P53292 Q02608,false,2,0.058823529411764705,0.7470062971115112,2,false
CPX_582,4,Q08685 P25299 P25298 P39081,true,4,1.0,0.7478746175765991,4,true
CPX_41,2,P25299 P25298,false,2,0.5,0.7478746175765991,2,false
CPX_156,2,P07256 P07257,false,2,0.2,0.7484041452407837,2,false
CPX_10,2,P10363 P20457,false,2,0.5,0.7485588788986206,2,false
CPX_144,2,P38828 P53297,true,1,0.3333333333333333,0.7486543655395508,2,false
CPX_149,2,P43555 P39931,false,0,0.0,0.7486603260040283,2,false
CPX_131,2,P40958 P40957,true,2,1.0,0.7500054836273193,2,true
CPX_143,2,P38753 P40343,true,2,1.0,0.7502955794334412,2,true
CPX_147,2,Q08685 P39081,false,2,0.5,0.7503930330276489,2,false
CPX_148,2,P39729 Q12000,false,0,0.0,0.7506722211837769,2,false
CPX_39,2,P22135 P40491,false,0,0.0,0.7509087920188904,2,false
CPX_108,2,P38333 P34078,false,1,0.16666666666666666,0.7525390982627869,2,false
CPX_69,2,P38768 P25638,false,2,0.5,0.752776026725769,2,false
CPX_137,2,Q12186 P36084,true,2,1.0,0.7532122135162354,2,true
CPX_101,2,P39111 P32610,false,2,0.125,0.7536830902099609,2,false
CPX_138,2,P36145 P36100,true,2,1.0,0.7540442943572998,2,true
CPX_123,2,Q04053 P47057,true,2,1.0,0.7540806531906128,2,true
CPX_62,3,P38688 P38985 P38687,false,3,0.5,0.7544375658035278,3,false
CPX_42,2,P36121 P25441,false,2,0.11764705882352941,0.7551977634429932,2,false
CPX_115,2,Q02554 Q99181,false,2,0.3333333333333333,0.7552452087402344,2,false
CPX_77,3,Q04477 P33895 P40460,false,3,0.75,0.7553209066390991,3,false
CPX_134,2,P41895 P41896,false,2,0.6666666666666666,0.7554360032081604,2,false
CPX_126,2,P53201 P53930,false,2,0.15384615384615385,0.7555677890777588,2,false
CPX_76,3,P53044 P33755 Q06682,true,2,0.5,0.7556049823760986,3,false
CPX_55,3,P53959 P53195 P53951,false,3,0.375,0.7556842565536499,3,false
CPX_43,2,P38877 P25559,false,2,0.2857142857142857,0.7557852268218994,2,false
CPX_96,3,Q03290 P06242 P37366,true,3,1.0,0.7561883926391602,3,true
CPX_105,2,P32913 Q92331,false,2,0.4,0.7563321590423584,2,false
CPX_64,3,Q02884 Q04868 P38874,false,3,0.5,0.7565991282463074,3,false
CPX_104,2,Q04437 P32807,true,2,1.0,0.7566447257995605,2,true
CPX_121,2,P46962 P46963,false,2,0.6666666666666666,0.7570410966873169,2,false
CPX_133,2,P46959 P41814,true,2,1.0,0.7574899196624756,2,true
CPX_129,2,P40089 Q06406,false,2,0.3333333333333333,0.757574200630188,2,false
CPX_52,4,P33754 P21825 P39742 P14906,true,4,1.0,0.7575743198394775,4,true
CPX_47,4,P54790 P32833 P54791 P50874,false,4,0.6666666666666666,0.7577978372573853,4,false
CPX_117,2,Q12009 Q03774,true,2,1.0,0.7578891515731812,2,true
CPX_50,4,P32501 P32502 P12754 P09032,false,4,0.8,0.7581999897956848,4,false
CPX_78,3,P19736 Q07350 P32524,true,3,1.0,0.7587445974349976,3,true
CPX_60,3,P36149 Q03337 P38334,false,3,0.5,0.7591583728790283,3,false
CPX_136,2,P43132 Q03323,false,2,0.25,0.7596691846847534,2,false
CPX_12,2,P28495 P13517,true,2,1.0,0.7598108649253845,2,true
CPX_14,2,P15624 P15625,true,2,1.0,0.7604343891143799,2,true
CPX_145,2,P38879 Q02642,true,2,1.0,0.7615818977355957,2,true
CPX_53,4,P15790 P19454 P43639 P38930,true,4,1.0,0.7639309167861938,4,true
CPX_87,3,P32481 P20459 P09064,true,3,1.0,0.7673243284225464,3,true
CPX_140,2,P36532 P53875,false,2,0.043478260869565216,0.769231915473938,2,false
CPX_70,2,P32914 P27692,true,2,1.0,0.7694342136383057,2,true
CPX_99,2,P32527 P38788,true,2,1.0,0.7697973251342773,2,true
